{
  "experiment": "stage14_confirmatory_fermi",
  "catalog": "fermi_lat_grb_catalog",
  "written_at": "2026-04-21T21:45:34.345108Z",
  "results": {
    "event_count": 3000,
    "events_with_energy": 2999,
    "events_with_position": 3000,
    "events_with_time": 3000,
    "energy_stats": {
      "count": 2999,
      "min": 5.0105e-09,
      "max": 0.038836,
      "mean": 2.4788447337945983e-05,
      "median": 2.8003e-06,
      "std": 0.0007119055756512575
    },
    "anisotropy": {
      "hemisphere_imbalance": -0.412,
      "interpretation": "Fraction of events in north minus south hemisphere. 0 = balanced, \u00b11 = all in one hemisphere."
    },
    "preferred_axis": {
      "score": 0.2643207622147473,
      "best_axis_xyz": [
        0.13469738503170714,
        -0.4145559244126418,
        -0.9
      ],
      "num_axes_scanned": 192,
      "interpretation": "Max |mean cos-projection| across trial axes. Isotropic \u2248 0; perfect alignment \u2248 1."
    },
    "axis_scan": {
      "best_score": 0.2643207622147473,
      "best_axis_index": 16,
      "best_axis_xyz": [
        0.13469738503170714,
        -0.4145559244126418,
        -0.9
      ],
      "all_scores": [
        0.2624705968248929,
        0.261514367572719,
        0.26052463821628974,
        0.25959829036086235,
        0.25882600138877104,
        0.25828336832545784,
        0.25802350787590667,
        0.25807185699147384,
        0.2584236829238595,
        0.25904454649948633,
        0.2598736732657611,
        0.26082990251793503,
        0.26181963187436424,
        0.26274597972979163,
        0.26351826870188294,
        0.26406090176519614,
        0.2643207622147473,
        0.2642724130991802,
        0.26392058716679456,
        0.2632997235911677,
        0.20526122551725087,
        0.20369458154267597,
        0.2020730524698258,
        0.20055536486220824,
        0.1992900805572083,
        0.19840105439835345,
        0.19797531046028194,
        0.19805452352598468,
        0.19863093966868067,
        0.1996481352601956,
        0.20100654010881333,
        0.20257318408338823,
        0.20419471315623847,
        0.205712400763856,
        0.20697768506885597,
        0.20786671122771078,
        0.2082924551657823,
        0.20821324210007958,
        0.2076368259573835,
        0.20661963036586867,
        0.14767541254290817,
        0.14577557766499352,
        0.14380918482900198,
        0.14196871826638485,
        0.14043433566757574,
        0.13935623309201822,
        0.1388399427313902,
        0.13893600268339648,
        0.13963500993064554,
        0.14086854077350683,
        0.14251584861856634,
        0.14441568349648096,
        0.14638207633247255,
        0.14822254289508965,
        0.14975692549389874,
        0.15083502806945628,
        0.1513513184300843,
        0.15125525847807803,
        0.15055625123082894,
        0.14932272038796765,
        0.08989904457909684,
        0.08780634965543493,
        0.08564034020185464,
        0.08361304031514766,
        0.08192289623325377,
        0.080735351034835,
        0.0801666499180265,
        0.08027246131051516,
        0.08104242765597286,
        0.08240117928383524,
        0.08421571211778785,
        0.08630840704144978,
        0.08847441649503006,
        0.09050171638173703,
        0.09219186046363091,
        0.09337940566204969,
        0.09394810677885819,
        0.09384229538636955,
        0.09307232904091182,
        0.09171357741304945,
        0.031983069935367356,
        0.029800325840515646,
        0.02754111247370423,
        0.025426577380141736,
        0.023663705987618373,
        0.02242506043068154,
        0.021831887966595284,
        0.02194225244901994,
        0.02274535063346122,
        0.024162569674111935,
        0.026055182296927513,
        0.02823792639177923,
        0.030497139758590645,
        0.03261167485215313,
        0.03437454624467651,
        0.035613191801613334,
        0.03620636426569959,
        0.036095999783274935,
        0.03529290159883366,
        0.03387568255818294,
        0.02605518229692755,
        0.028237926391779272,
        0.030497139758590676,
        0.03261167485215317,
        0.03437454624467654,
        0.03561319180161337,
        0.03620636426569963,
        0.03609599978327497,
        0.03529290159883369,
        0.033875682558182976,
        0.03198306993536739,
        0.029800325840515677,
        0.027541112473704266,
        0.02542657738014177,
        0.023663705987618404,
        0.022425060430681574,
        0.02183188796659532,
        0.02194225244901997,
        0.022745350633461253,
        0.02416256967411197,
        0.08421571211778785,
        0.08630840704144978,
        0.08847441649503006,
        0.09050171638173703,
        0.09219186046363091,
        0.09337940566204969,
        0.09394810677885819,
        0.09384229538636955,
        0.09307232904091182,
        0.09171357741304945,
        0.08989904457909684,
        0.08780634965543495,
        0.08564034020185464,
        0.08361304031514766,
        0.08192289623325377,
        0.080735351034835,
        0.0801666499180265,
        0.08027246131051516,
        0.08104242765597286,
        0.08240117928383524,
        0.14251584861856634,
        0.14441568349648098,
        0.14638207633247255,
        0.14822254289508965,
        0.14975692549389877,
        0.15083502806945628,
        0.15135131843008426,
        0.15125525847807803,
        0.15055625123082897,
        0.14932272038796768,
        0.14767541254290817,
        0.1457755776649935,
        0.14380918482900198,
        0.14196871826638485,
        0.1404343356675757,
        0.13935623309201822,
        0.13883994273139022,
        0.13893600268339648,
        0.1396350099306455,
        0.1408685407735068,
        0.20100654010881333,
        0.20257318408338823,
        0.20419471315623847,
        0.20571240076385602,
        0.20697768506885597,
        0.20786671122771078,
        0.20829245516578226,
        0.20821324210007958,
        0.2076368259573835,
        0.20661963036586867,
        0.20526122551725087,
        0.20369458154267603,
        0.2020730524698258,
        0.2005553648622082,
        0.1992900805572083,
        0.19840105439835345,
        0.19797531046028197,
        0.19805452352598468,
        0.19863093966868067,
        0.1996481352601956,
        0.25987367326576105,
        0.260829902517935,
        0.2618196318743642,
        0.26274597972979163,
        0.2635182687018829,
        0.26406090176519614,
        0.2643207622147473,
        0.26427241309918015,
        0.2639205871667945,
        0.26329972359116766,
        0.2624705968248929,
        0.26151436757271895
      ],
      "num_axes": 192,
      "axis_plan": {
        "mode": "dense",
        "implemented": true,
        "message": "Deterministic dense lon/sin(lat) grid.",
        "planned_healpix_nside": null,
        "planned_healpix_npix": null,
        "seed": 42
      }
    },
    "energy_time_correlation": {
      "pearson_r": 0.02010987986963195,
      "interpretation": "Pearson r between energy and arrival_time. Non-zero may indicate energy-dependent propagation effects."
    },
    "cluster_score": {
      "value": 0.96986,
      "interpretation": "Mean window count / expected-random. \u22481.0 = uniform; >1.0 = clustered."
    },
    "null_comparison": {
      "null_mode": "exposure_corrected",
      "null_repeats": 500,
      "hemi_percentile": 0.87,
      "axis_percentile": 0.898,
      "et_r_percentile": 0.0,
      "clust_percentile": 0.0,
      "null_axis_mean": 0.2537962607449188,
      "null_axis_std": 0.008227999605295312,
      "null_hemi_mean": 0.39290933333333333
    },
    "signal_evaluation": {
      "tier": "weak_anomaly_like_deviation",
      "max_percentile": 0.898,
      "per_metric_percentiles": {
        "hemisphere_imbalance": 0.87,
        "preferred_axis": 0.898,
        "energy_time_r": 0.0,