{
  "position_error": 2.094389819022893,
  "velocity_error": 1.1325583003720552,
  "directional_error": 1.2566370614359172,
  "steady_state_error": 1.5224731252858827,
  "overshoot": 0.0,
  "convergence_time": 25.0,
  "stability_score": 0.128093327201472,
  "control_effort": 113.19701782585878,
  "path_smoothness": 24.11818911021779,
  "anisotropy_score": 429.9404748539181,
  "quantization_artifact_score": 40.0,
  "bandwidth_bottleneck_score": 0.2,
  "observer_dependence_score": 0.33714184759954485
}