{
  "position_error": 1.3706839201585126,
  "velocity_error": 0.7114939424593397,
  "directional_error": 1.3945063601846943,
  "steady_state_error": 0.009106440090817472,
  "overshoot": 0.0,
  "convergence_time": 4.499999999999992,
  "stability_score": 0.1630756054156806,
  "control_effort": 282.6129589658503,
  "path_smoothness": 0.8005575672716275,
  "anisotropy_score": 0.06856744920676161,
  "quantization_artifact_score": 0.0,
  "bandwidth_bottleneck_score": 1.0,
  "observer_dependence_score": 10.140433516564405
}