{
  "experiment": "stage14_confirmatory_icecube",
  "catalog": "icecube_hese_events",
  "written_at": "2026-04-21T21:46:55.147851Z",
  "results": {
    "event_count": 37,
    "events_with_energy": 37,
    "events_with_position": 37,
    "events_with_time": 0,
    "energy_stats": {
      "count": 37,
      "min": 28.4,
      "max": 1040.7,
      "mean": 128.6918918918919,
      "median": 71.5,
      "std": 178.39216650232632
    },
    "anisotropy": {
      "hemisphere_imbalance": -0.4594594594594595,
      "interpretation": "Fraction of events in north minus south hemisphere. 0 = balanced, \u00b11 = all in one hemisphere."
    },
    "preferred_axis": {
      "score": 0.17057534247718853,
      "best_axis_xyz": [
        -0.35264233220874086,
        0.2562096515246449,
        -0.9
      ],
      "num_axes_scanned": 192,
      "interpretation": "Max |mean cos-projection| across trial axes. Isotropic \u2248 0; perfect alignment \u2248 1."
    },
    "axis_scan": {
      "best_score": 0.17057534247718853,
      "best_axis_index": 8,
      "best_axis_xyz": [
        -0.35264233220874086,
        0.2562096515246449,
        -0.9
      ],
      "all_scores": [
        0.12147302569775781,
        0.12748233099588038,
        0.13505244891336501,
        0.14344236356433532,
        0.15183081164678175,
        0.1593966734166399,
        0.16539934960941743,
        0.16925125645626105,
        0.17057534247718853,
        0.16924199690702174,
        0.16538173690013347,
        0.1593724316020109,
        0.1518023136845263,
        0.14341239903355596,
        0.13502395095110956,
        0.1274580891812514,
        0.12145541298847383,
        0.11760350614163025,
        0.11627942012070275,
        0.11761276569086954,
        0.0755855787118388,
        0.08543096036616693,
        0.0978335088086947,
        0.11157917618423123,
        0.12532244079836294,
        0.13771801615570348,
        0.1475525369752245,
        0.15386333183797563,
        0.1560326561728974,
        0.1538481613995164,
        0.14752368108652109,
        0.13767829943219298,
        0.1252757509896652,
        0.11153008361412863,
        0.09778681899999697,
        0.08539124364265639,
        0.07555672282313537,
        0.06924592796038427,
        0.06707660362546246,
        0.06926109839884351,
        0.03606299694098607,
        0.04800227590725468,
        0.06304257510001403,
        0.07971164524235044,
        0.09637780160849117,
        0.11140964469337897,
        0.12333575296285576,
        0.13098871584542288,
        0.13361940801280678,
        0.13097031898655395,
        0.12330076005784245,
        0.11136148109157387,
        0.09632118189881453,
        0.0796521117564781,
        0.06298595539033733,
        0.047954112305449555,
        0.036028004035972755,
        0.028375041153405646,
        0.0257443489860217,
        0.02839343801227457,
        0.00023768637570344443,
        0.012913597862387223,
        0.029480699633669675,
        0.04784191558698534,
        0.06619992197470964,
        0.08275770922386048,
        0.09589448575360364,
        0.10432433234790368,
        0.10722207688791568,
        0.10430406794828986,
        0.09585594057500055,
        0.08270465633690992,
        0.06613755456562743,
        0.04777633861231178,
        0.02941833222458748,
        0.012860544975436632,
        0.0002762315543065186,
        0.008706078148606581,
        0.011603822688618575,
        0.008685813748992762,
        0.034177903836979766,
        0.02046071664173502,
        0.003180728454638734,
        0.015970575083798885,
        0.03511853094825772,
        0.05238880380707118,
        0.06609085902375214,
        0.07488344396585951,
        0.0779058791577183,
        0.07486230758420509,
        0.06605065523674546,
        0.052333468041500734,
        0.03505347985440444,
        0.015902176315966812,
        0.003245779548492017,
        0.02051605240730548,
        0.03421810762398644,
        0.04301069256609383,
        0.04603312775795262,
        0.042989556184439406,
        0.06605065523674548,
        0.05233346804150072,
        0.03505347985440444,
        0.015902176315966823,
        0.003245779548491992,
        0.02051605240730547,
        0.03421810762398643,
        0.04301069256609382,
        0.04603312775795259,
        0.042989556184439386,
        0.03417790383697975,
        0.02046071664173504,
        0.003180728454638741,
        0.015970575083798903,
        0.035118530948257724,
        0.05238880380707119,
        0.06609085902375215,
        0.07488344396585954,
        0.07790587915771832,
        0.07486230758420513,
        0.09585594057500055,
        0.08270465633690989,
        0.06613755456562743,
        0.047776338612311765,
        0.02941833222458748,
        0.012860544975436615,
        0.00027623155430653415,
        0.008706078148606583,
        0.01160382268861857,
        0.008685813748992766,
        0.0002376863757034384,
        0.012913597862387195,
        0.02948069963366967,
        0.04784191558698533,
        0.06619992197470963,
        0.08275770922386048,
        0.09589448575360363,
        0.10432433234790368,
        0.10722207688791568,
        0.10430406794828986,
        0.12330076005784246,
        0.11136148109157384,
        0.0963211818988145,
        0.07965211175647809,
        0.06298595539033736,
        0.047954112305449555,
        0.036028004035972734,
        0.028375041153405653,
        0.02574434898602171,
        0.02839343801227458,
        0.03606299694098606,
        0.04800227590725462,
        0.063042575100014,
        0.07971164524235043,
        0.09637780160849116,
        0.11140964469337897,
        0.12333575296285576,
        0.13098871584542288,
        0.13361940801280678,
        0.13097031898655392,
        0.14752368108652109,
        0.13767829943219295,
        0.1252757509896652,
        0.11153008361412865,
        0.09778681899999697,
        0.08539124364265639,
        0.07555672282313536,
        0.06924592796038427,
        0.06707660362546246,
        0.06926109839884351,
        0.0755855787118388,
        0.08543096036616693,
        0.0978335088086947,
        0.11157917618423123,
        0.12532244079836294,
        0.13771801615570348,
        0.14755253697522452,
        0.15386333183797563,
        0.1560326561728974,
        0.1538481613995164,
        0.16538173690013347,
        0.1593724316020109,
        0.15180231368452626,
        0.14341239903355593,
        0.13502395095110953,
        0.12745808918125134,
        0.1214554129884738,
        0.1176035061416302,
        0.1162794201207027,
        0.11761276569086951,
        0.12147302569775778,
        0.12748233099588033
      ],
      "num_axes": 192,
      "axis_plan": {
        "mode": "dense",
        "implemented": true,
        "message": "Deterministic dense lon/sin(lat) grid.",
        "planned_healpix_nside": null,
        "planned_healpix_npix": null,
        "seed": 42
      }
    },
    "energy_time_correlation": {
      "pearson_r": null,
      "interpretation": "Pearson r between energy and arrival_time. Non-zero may indicate energy-dependent propagation effects."
    },
    "cluster_score": {
      "value": 1.0,
      "interpretation": "Mean window count / expected-random. \u22481.0 = uniform; >1.0 = clustered."
    },
    "null_comparison": {
      "null_mode": "isotropic",
      "null_repeats": 500,
      "hemi_percentile": 0.986,
      "axis_percentile": 0.656,
      "et_r_percentile": 0.5,
      "clust_percentile": 0.0,
      "null_axis_mean": 0.14952173244029085,
      "null_axis_std": 0.06347850577430646,
      "null_hemi_mean": 0.13210810810810814
    },
    "signal_evaluation": {
      "tier": "strong_anomaly_like_deviation",
      "max_percentile": 0.986,
      "per_metric_percentiles": {
        "hemisphere_imbalance": 0.986,
        "preferred_axis": 0.656,
        "energy_time_r": 0.5,