{
  "position_error": 1.7364177456940306,
  "velocity_error": 0.8566148204377824,
  "directional_error": 1.5479427964928425,
  "steady_state_error": 0.012006341038265044,
  "overshoot": 0.0,
  "convergence_time": 4.99999999999999,
  "stability_score": 0.13786866047512567,
  "control_effort": 355.7568241720064,
  "path_smoothness": 0.7812596067490896,
  "anisotropy_score": 0.9976629740109404,
  "quantization_artifact_score": 0.0,
  "bandwidth_bottleneck_score": 1.0,
  "observer_dependence_score": 6.770988548229796
}