{
  "experiment": "synth_preferred_axis_example",
  "catalog": "synthetic_preferred_axis",
  "written_at": "2026-04-21T16:38:58.381844Z",
  "results": {
    "event_count": 300,
    "events_with_energy": 300,
    "events_with_position": 300,
    "events_with_time": 300,
    "energy_stats": {
      "count": 300,
      "min": 0.100281,
      "max": 99.505573,
      "mean": 15.71732766,
      "median": 4.126187,
      "std": 23.954991414810234
    },
    "anisotropy": {
      "hemisphere_imbalance": 0.35333333333333333,
      "interpretation": "Fraction of events in north minus south hemisphere. 0 = balanced, \u00b11 = all in one hemisphere."
    },
    "preferred_axis": {
      "score": 0.33993084698135617,
      "best_axis_xyz": [
        -1.5908628580873602e-16,
        -0.8660254037844386,
        -0.5
      ],
      "num_axes_scanned": 48,
      "interpretation": "Max |mean cos-projection| across trial axes. Isotropic \u2248 0; perfect alignment \u2248 1."
    },
    "axis_scan": {
      "best_score": 0.33993084698135617,
      "best_axis_index": 14,
      "best_axis_xyz": [
        -1.5908628580873602e-16,
        -0.8660254037844386,
        -0.5
      ],
      "all_scores": [
        0.1233170686731869,
        0.011094648152325207,
        0.02727746565192212,
        0.030678591110049166,
        0.1510129464087412,
        0.26323536692960287,
        0.30160748073385024,
        0.24365142397187894,
        0.06060345388329441,
        0.11521528930622146,
        0.1753328379321993,
        0.08453314734616534,
        0.10399455516586244,
        0.2798132983553783,
        0.33993084698135617,
        0.2491311563953222,
        0.0027315304791238446,
        0.19744691454263877,
        0.2658937546471474,
        0.1625137592027634,
        0.05213447253726172,
        0.25231291755902435,
        0.32075975766353293,
        0.21737976221914906,
        0.05213447253726178,
        0.2523129175590244,
        0.32075975766353293,
        0.217379762219149,
        0.0027315304791238992,
        0.19744691454263877,
        0.2658937546471474,
        0.16251375920276342,
        0.10399455516586247,
        0.2798132983553783,
        0.33993084698135617,
        0.24913115639532218,
        0.060603453883294446,
        0.11521528930622146,
        0.1753328379321993,
        0.08453314734616535,
        0.1510129464087412,
        0.26323536692960287,
        0.30160748073385024,
        0.24365142397187894,
        0.1233170686731869,
        0.01109464815232515,
        0.027277465651922177,
        0.0306785911100491
      ],
      "num_axes": 48
    },
    "energy_time_correlation": {
      "pearson_r": -0.051854222207814465,
      "interpretation": "Pearson r between energy and arrival_time. Non-zero may indicate energy-dependent propagation effects."
    },
    "cluster_score": {
      "value": 0.9955555555555555,
      "interpretation": "Mean window count / expected-random. \u22481.0 = uniform; >1.0 = clustered."
    },
    "null_comparison": {
      "null_mode": "isotropic",
      "null_repeats": 50,
      "hemi_percentile": 1.0,
      "axis_percentile": 1.0,
      "et_r_percentile": 0.62,
      "clust_percentile": 0.44,
      "null_axis_mean": 0.04808700132957672,
      "null_axis_std": 0.02008999364745478,
      "null_hemi_mean": 0.04373333333333333
    },
    "signal_evaluation": {
      "tier": "strong_anomaly_like_deviation",
      "max_percentile": 1.0,
      "per_metric_percentiles": {
        "hemisphere_imbalance": 1.0,
        "preferred_axis": 1.0,
        "energy_time_r": 0.62,
        "clustering": 0.44
      },
      "summary": "One or more metrics fall in the top 3% of the isotropic null distribution. This is a strong anomaly-like deviation; its cause requires further investigation.",
      "caveat": "Anomaly-like deviations from an isotropic null are hypothesis-generating results, not proof of any specific physical or cosmological cause. Systematic effects, selection biases, and incomplete modeling should be ruled out before drawing any scientific conclusion."
    },
    "run_metadata": {
      "seed": 42,
      "null_repeats": 50,
      "num_axes": 48,
      "null_mode": "isotropic",
      "exposure_map_desc": null,
      "timestamp": "2026-04-21T16:38:58.381640Z"
    }
  },
  "coverage": {
    "event_count": 300,
    "available_fields": [
      "event_id",
      "energy",
      "arrival_time",
      "ra",
      "dec",
      "instrument",
      "epoch"
    ],
    "missingness": {
      "event_id": 0.0,
      "energy": 0.0,
      "arrival_time": 0.0,
      "ra": 0.0,
      "dec": 0.0,
      "instrument": 0.0,
      "epoch": 0.0
    },
    "ra_dec_coverage": {
      "ra_min": 2.198084,
      "ra_max": 359.84607,
      "dec_min": -65.232883,
      "dec_max": 88.899836,
      "n_with_position": 300
    },
    "time_span_mjd": {
      "t_min_mjd": 58005.544818,
      "t_max_mjd": 58998.902333,
      "span_days": 993.357514999996,
      "n_with_time": 300
    },
    "instrument_labels": [
      "EXAMPLE-A",
      "EXAMPLE-B",
      "EXAMPLE-C"
    ]
  },
  "config": {}
}