{
  "position_error": 1.3712949959835867,
  "velocity_error": 0.7126659044367705,
  "directional_error": 1.744382902548513,
  "steady_state_error": 0.012647636699555907,
  "overshoot": 0.0,
  "convergence_time": 4.499999999999992,
  "stability_score": 0.16315672417216512,
  "control_effort": 282.73163293425637,
  "path_smoothness": 0.8485020640509389,
  "anisotropy_score": 0.06847950975726573,
  "quantization_artifact_score": 0.0,
  "bandwidth_bottleneck_score": 1.0,
  "observer_dependence_score": 10.140023877111785
}