{
  "experiment": "stage14_confirmatory_swift",
  "catalog": "swift_bat3_grb_catalog",
  "written_at": "2026-04-21T21:46:50.824098Z",
  "results": {
    "event_count": 872,
    "events_with_energy": 872,
    "events_with_position": 872,
    "events_with_time": 0,
    "energy_stats": {
      "count": 872,
      "min": 0.0,
      "max": 0.000109,
      "mean": 2.7233108715596334e-06,
      "median": 7.945e-07,
      "std": 6.830694553341584e-06
    },
    "anisotropy": {
      "hemisphere_imbalance": 0.0481651376146789,
      "interpretation": "Fraction of events in north minus south hemisphere. 0 = balanced, \u00b11 = all in one hemisphere."
    },
    "preferred_axis": {
      "score": 0.06944819945220287,
      "best_axis_xyz": [
        -0.26761656732981737,
        0.823639103546332,
        -0.5
      ],
      "num_axes_scanned": 192,
      "interpretation": "Max |mean cos-projection| across trial axes. Isotropic \u2248 0; perfect alignment \u2248 1."
    },
    "axis_scan": {
      "best_score": 0.06944819945220287,
      "best_axis_index": 46,
      "best_axis_xyz": [
        -0.26761656732981737,
        0.823639103546332,
        -0.5
      ],
      "all_scores": [
        0.02913382956555426,
        0.03685458442927279,
        0.04450036812987545,
        0.05132275808743977,
        0.056653931238533455,
        0.05997203521065996,
        0.06095227086843776,
        0.05949868591598015,
        0.05575356737615557,
        0.05008351354541725,
        0.04304354879830588,
        0.035322793934587364,
        0.0276770102339847,
        0.020854620276420373,
        0.01552344712532669,
        0.012205343153200184,
        0.01122510749542238,
        0.012678692447879992,
        0.016423810987704575,
        0.022093864818442898,
        0.016674444188437706,
        0.029323789582250116,
        0.04185030551785955,
        0.053027809338120006,
        0.06176216909085594,
        0.06719840478760672,
        0.06880437980189315,
        0.06642289010983098,
        0.060287052515293565,
        0.05099748555292863,
        0.03946351676123129,
        0.02681417136741891,
        0.014287655431809458,
        0.0031101516115489953,
        0.005624208141186927,
        0.011060443837937733,
        0.012666418852224155,
        0.010284929160161967,
        0.004149091565624575,
        0.005140475396740376,
        0.006231366866636817,
        0.021570951323580584,
        0.03676158318343368,
        0.05031629756039803,
        0.06090826457000801,
        0.06750066868278942,
        0.06944819945220287,
        0.06656021899729343,
        0.05911942296673066,
        0.0478541683190604,
        0.03386717666884105,
        0.018527592211897308,
        0.003336960352044192,
        0.010217754024920152,
        0.020809721034530146,
        0.02740212514731155,
        0.029349655916725014,
        0.02646167546181558,
        0.0190208794312528,
        0.007755624783582536,
        0.0031910541510586955,
        0.013705714561475528,
        0.03043840988667409,
        0.04536911902256295,
        0.057036320130553764,
        0.06429794627602628,
        0.06644317889713729,
        0.06326202767821786,
        0.055065885864959675,
        0.04265704892392236,
        0.027250180272345423,
        0.01035341155981122,
        0.006379283765387373,
        0.021309992901276234,
        0.03297719400926705,
        0.04023882015473956,
        0.04238405277585057,
        0.03920290155693114,
        0.031006759743672965,
        0.01859792280263565,
        0.011865709716109408,
        0.005758131060845491,
        0.023210838332730008,
        0.03878401951161028,
        0.05095326311896402,
        0.05852735880239756,
        0.06076490130458876,
        0.05744686437554783,
        0.048898040588011955,
        0.03595524837746285,
        0.019885418423204983,
        0.0022615776462501136,
        0.015191129625634434,
        0.0307643108045147,
        0.04293355441186844,
        0.05050765009530199,
        0.05274519259749319,
        0.04942715566845226,
        0.040878331880916385,
        0.027935539670367285,
        0.01988541842320498,
        0.0022615776462500854,
        0.015191129625634436,
        0.030764310804514708,
        0.04293355441186844,
        0.05050765009530198,
        0.05274519259749319,
        0.04942715566845225,
        0.04087833188091638,
        0.027935539670367274,
        0.011865709716109408,
        0.005758131060845459,
        0.023210838332730008,
        0.03878401951161028,
        0.05095326311896402,
        0.05852735880239756,
        0.06076490130458877,
        0.05744686437554783,
        0.04889804058801196,
        0.035955248377462855,
        0.027250180272345416,
        0.010353411559811187,
        0.006379283765387374,
        0.021309992901276237,
        0.03297719400926705,
        0.04023882015473957,
        0.04238405277585057,
        0.03920290155693114,
        0.03100675974367296,
        0.01859792280263564,
        0.0031910541510587046,
        0.013705714561475504,
        0.03043840988667409,
        0.045369119022562944,
        0.057036320130553764,
        0.06429794627602628,
        0.06644317889713729,
        0.06326202767821786,
        0.05506588586495968,
        0.04265704892392237,
        0.033867176668841044,
        0.01852759221189728,
        0.0033369603520441832,
        0.01021775402492016,
        0.020809721034530153,
        0.027402125147311555,
        0.029349655916725018,
        0.026461675461815572,
        0.019020879431252795,
        0.007755624783582529,
        0.006231366866636814,
        0.021570951323580546,
        0.03676158318343368,
        0.050316297560398016,
        0.060908264570008,
        0.06750066868278942,
        0.06944819945220287,
        0.06656021899729345,
        0.05911942296673065,
        0.047854168319060385,
        0.03946351676123128,
        0.026814171367418885,
        0.014287655431809453,
        0.003110151611548996,
        0.005624208141186929,
        0.011060443837937733,
        0.012666418852224156,
        0.010284929160161963,
        0.004149091565624571,
        0.005140475396740381,
        0.016674444188437703,
        0.029323789582250095,
        0.04185030551785955,
        0.05302780933812,
        0.06176216909085593,
        0.06719840478760672,
        0.06880437980189316,
        0.06642289010983098,
        0.06028705251529357,
        0.050997485552928636,
        0.04304354879830588,
        0.03532279393458735,
        0.027677010233984688,
        0.02085462027642036,
        0.015523447125326672,
        0.012205343153200167,
        0.01122510749542236,
        0.012678692447879973,
        0.01642381098770456,
        0.022093864818442884,
        0.02913382956555425,
        0.03685458442927277
      ],
      "num_axes": 192,
      "axis_plan": {
        "mode": "dense",
        "implemented": true,
        "message": "Deterministic dense lon/sin(lat) grid.",
        "planned_healpix_nside": null,
        "planned_healpix_npix": null,
        "seed": 42
      }
    },
    "energy_time_correlation": {
      "pearson_r": null,
      "interpretation": "Pearson r between energy and arrival_time. Non-zero may indicate energy-dependent propagation effects."
    },
    "cluster_score": {
      "value": 1.0,
      "interpretation": "Mean window count / expected-random. \u22481.0 = uniform; >1.0 = clustered."
    },
    "null_comparison": {
      "null_mode": "exposure_corrected",
      "null_repeats": 500,
      "hemi_percentile": 0.562,
      "axis_percentile": 0.556,
      "et_r_percentile": 0.5,
      "clust_percentile": 0.0,
      "null_axis_mean": 0.06726581593813914,
      "null_axis_std": 0.0181486251747416,
      "null_hemi_mean": 0.04514220183486239
    },
    "signal_evaluation": {
      "tier": "no_anomaly_detected",
      "max_percentile": 0.562,
      "per_metric_percentiles": {
        "hemisphere_imbalance": 0.562,